{
  "DPIWidth": 72,
  "Exif": {
    "ComponentsConfiguration": [
      1,
      2,
      3,
      0
    ],
    "FocalPlaneXResolution": 5798.66,
    "WhiteBalance": 0,
    "AFInfo": [
      0.478492,
      0.467737,
      0.043017,
      0.0645255,
      "f",
      0.482542,
      0.69401,
      0.0349151,
      0.0344329,
      "n",
      0.482542,
      0.271557,
      0.0349151,
      0.0344329,
      "n",
      0.329282,
      0.587384,
      0.0246914,
      0.0497685,
      "n",
      0.646026,
      0.587384,
      0.0246914,
      0.0497685,
      "n",
      0.329282,
      0.362847,
      0.0246914,
      0.0497685,
      "n",
      0.646026,
      0.362847,
      0.0246914,
      0.0497685,
      "n",
      0.22338,
      0.475116,
      0.0246914,
      0.0497685,
      "n",
      0.751929,
      0.475116,
      0.0246914,
      0.0497685,
      "n"
    ],
    "ExposureProgram": 2,
    "FlashCompensation": 0,
    "FlashPixVersion": [
      1,
      0
    ],
    "SubsecTimeDigitized": "00",
    "ExposureTime": 0.005,
    "DateTimeOriginal": "2019:08:11 13:41:37",
    "BodySerialNumber": "121073002419",
    "SubsecTimeOriginal": "00",
    "FocusMode": 1,
    "MaxApertureValue": 4.1771,
    "PixelXDimension": 5184,
    "ExposureBiasValue": 0,
    "DateTimeDigitized": "2019:08:11 13:41:37",
    "LensModel": "EF70-200mm f/4L IS II USM",
    "LensID": 754,
    "ExposureMode": 0,
    "ExifVersion": [
      2,
      3
    ],
    "FNumber": 4.5,
    "FocalLength": 123,
    "ApertureValue": 4.375,
    "ISOSpeedRatings": [
      100
    ],
    "ColorSpace": 1,
    "LensSerialNumber": "7013000755",
    "CustomRendered": 0,
    "ShutterSpeedValue": 7.625,
    "MeteringMode": 5,
    "RecommendedExposureIndex": 100,
    "FocalPlaneResolutionUnit": 2,
    "SceneCaptureType": 0,
    "LensSpecification": [
      70,
      200,
      0,
      0
    ],
    "SubsecTime": "00",
    "Firmware": "Firmware Version 1.0.0",
    "Flash": 16,
    "LensInfo": [
      70,
      200,
      0,
      0
    ],
    "PixelYDimension": 3456,
    "ImageStabilization": 3,
    "SensitivityType": 2,
    "FocalPlaneYResolution": 5788.94
  },
  "Orientation": 1,
  "ProfileName": "sRGB IEC61966-2.1",
  "IPTC": {
    "Byline": [
      ""
    ],
    "StarRating": 0,
    "CopyrightNotice": ""
  },
  "Content-Type": "image/jpeg",
  "Output": {},
  "ColorModel": "RGB",
  "Content-Length": "6274759",
  "Depth": 8,
  "MakerCanon": {
    "WhiteBalanceIndex": 0,
    "MaxAperture": 4.1771,
    "ContinuousDrive": 0,
    "MinAperture": 32,
    "UniqueModelID": 2147480000.0
  },
  "TIFF": {
    "ResolutionUnit": 2,
    "Orientation": 1,
    "Copyright": "",
    "XResolution": 72,
    "YResolution": 72,
    "DateTime": "2019:08:11 13:41:37",
    "Artist": "",
    "Model": "Canon EOS Kiss X7",
    "Make": "Canon"
  },
  "PixelHeight": 3456,
  "PixelWidth": 5184,
  "PictureStyle": {
    "Monochrome": [
      "0",
      0,
      0
    ],
    "ColorTone": [
      "0",
      0,
      0
    ],
    "SharpnessFreq": [
      "0",
      0,
      0
    ],
    "PictureStyle": [
      "4095",
      4095,
      4095
    ],
    "PictStyleColorSpace": [
      "sRGB",
      1,
      1
    ]
  },
  "DPIHeight": 72
}